i,gamma0,coact,uniform,gaussian
1,0.0771649,0.0455362,0.035776,0.000653985
2,0.0463555,0.0262882,0.0255598,0.000652483
3,0.0349278,0.0254907,0.0241882,0.000650371
4,0.0325624,0.0242083,0.0222581,0.000650366
5,0.0288088,0.0223579,0.0218345,0.000649058
6,0.02762,0.0216571,0.0210213,0.000646056
7,0.0263706,0.021154,0.0204509,0.00064517
8,0.0253033,0.0201397,0.0201773,0.000644838
9,0.0249467,0.0196798,0.0191858,0.00064328
10,0.0231455,0.0192417,0.0189606,0.000642018
11,0.0216237,0.0190534,0.0185408,0.000641316
12,0.0207066,0.0184757,0.0176744,0.000639911
13,0.0205004,0.0180175,0.0175438,0.000639301
14,0.0191447,0.0177338,0.0167007,0.000638005
15,0.0181661,0.017454,0.0164774,0.00063715
16,0.0177652,0.0165507,0.0162861,0.0006354
17,0.0171016,0.0164253,0.0157685,0.000634233
18,0.0163861,0.015975,0.0154723,0.000633272
19,0.015709,0.0149719,0.0149703,0.000632207
20,0.0152239,0.0143003,0.0146632,0.000631495
21,0.0145419,0.0142616,0.014393,0.000631117
22,0.0142844,0.0139937,0.0142226,0.000630397
23,0.0135808,0.0135385,0.0139144,0.000629294
24,0.0134892,0.0134521,0.0134111,0.000628592
25,0.0127425,0.0130597,0.0133789,0.000627955
26,0.0120812,0.0126709,0.0131647,0.000627456
27,0.011937,0.0125202,0.0127654,0.0006269
28,0.0115594,0.0122347,0.0125568,0.000626429
29,0.0111048,0.0121908,0.0123328,0.000626157
30,0.0109703,0.0116709,0.0122306,0.000624874
31,0.0108094,0.0114971,0.0117181,0.000624411
32,0.0102414,0.0111783,0.0116035,0.000623793
33,0.00994423,0.0111289,0.0113962,0.000623554
34,0.00929242,0.0107461,0.0113164,0.000622262
35,0.00907069,0.0104732,0.010913,0.000621788
36,0.00897023,0.0102471,0.0107213,0.00062141
37,0.00856423,0.00963757,0.0104759,0.000620847
38,0.00845456,0.00943445,0.0100396,0.000620052
39,0.00822724,0.00919695,0.00993554,0.000619233
40,0.00795241,0.00916185,0.00981705,0.00061853
41,0.00753031,0.00900885,0.00971278,0.000618414
42,0.00726537,0.00888067,0.00953489,0.000617012
43,0.00700451,0.00858632,0.00909949,0.000616683
44,0.0067761,0.00838813,0.00894668,0.000615978
45,0.00652665,0.00827854,0.00871344,0.000615159
46,0.00636249,0.00799017,0.0086394,0.00061452
47,0.00617479,0.00785999,0.00831535,0.000614442
48,0.005978,0.00756324,0.00803671,0.000613416
49,0.00576169,0.00744413,0.00797071,0.000613037
50,0.00571603,0.00733324,0.00764925,0.000612515
51,0.00549542,0.00728785,0.00761631,0.000611441
52,0.00528697,0.00715247,0.00730649,0.000610973
53,0.00502191,0.00686195,0.00724985,0.000610448
54,0.00498061,0.00662396,0.00699032,0.000610321
55,0.004647,0.00647611,0.00684478,0.000609534
56,0.00461148,0.00643363,0.00668992,0.000609219
57,0.00440196,0.00636703,0.00660945,0.000609147
58,0.00428944,0.00625397,0.00642493,0.000607985
59,0.00402024,0.00606854,0.00629778,0.000607028
60,0.00388395,0.00597264,0.00612107,0.000606289
61,0.00374841,0.00584593,0.00594264,0.000606003
62,0.00366334,0.00573547,0.0058295,0.000605903
63,0.00358079,0.00552668,0.0056876,0.000604809
64,0.00341591,0.00543706,0.00563384,0.000604567
65,0.00336435,0.00540237,0.00548051,0.000603794
66,0.00325412,0.0052621,0.00534572,0.00060358
67,0.00312274,0.00518969,0.0052671,0.000603
68,0.00300182,0.00503351,0.00506121,0.000602465
69,0.00284384,0.00480746,0.00496397,0.000601873
70,0.00279196,0.0045679,0.00472785,0.000601015
71,0.0026983,0.00438815,0.00458311,0.000600642
72,0.00254538,0.00432222,0.00444839,0.000600121
73,0.00241884,0.00423914,0.00429227,0.000599501
74,0.00236241,0.00414197,0.00428402,0.00059904
75,0.0023068,0.00385585,0.00412894,0.000598377
76,0.00220122,0.00380865,0.00390014,0.00059775
77,0.0021231,0.00374375,0.00387195,0.000597121
78,0.00203768,0.0035467,0.00379571,0.000596908
79,0.00201262,0.00347425,0.00360228,0.000596499
80,0.00193452,0.0034364,0.00341122,0.000596447
81,0.00184397,0.00336187,0.00335651,0.000595433
82,0.00179815,0.00321781,0.00334506,0.000595314
83,0.00170379,0.00313987,0.0032249,0.000594758
84,0.00166821,0.00304567,0.00301597,0.000593592
85,0.00161484,0.00276428,0.00296165,0.000593481
86,0.0015871,0.00271741,0.00281849,0.00059317
87,0.00152638,0.00268474,0.00266379,0.000592588
88,0.00144459,0.00253447,0.00257617,0.000591889
89,0.00140681,0.0024326,0.00242283,0.000591667
90,0.00135527,0.00234576,0.00232435,0.0005913
91,0.00132149,0.00228945,0.00222615,0.000590848
92,0.00123979,0.00220495,0.00213492,0.000590704
93,0.0012248,0.00218495,0.00209423,0.000590441
94,0.00118917,0.00192626,0.00208185,0.000589898
95,0.00118419,0.00190731,0.00197269,0.000589126
96,0.001149,0.00183339,0.00181403,0.000588753
97,0.00112685,0.00180802,0.00179628,0.000588473
98,0.00107233,0.00169931,0.00172132,0.000587909
99,0.0010379,0.00162823,0.00160606,0.000587334
100,0.00100853,0.00157622,0.00159532,0.000586664
101,0.00100278,0.00150549,0.00156412,0.00058619
102,0.000976098,0.00145383,0.0015203,0.000585824
103,0.000936498,0.00140729,0.00142376,0.000585225
104,0.000923061,0.0013618,0.0013768,0.000584692
105,0.00088553,0.00130202,0.00129817,0.000584046
106,0.000822304,0.00125494,0.00126162,0.000583805
107,0.000771472,0.00122905,0.0012351,0.00058342
108,0.000769346,0.00115621,0.00118046,0.000582973
109,0.00073815,0.00109292,0.0011078,0.000582224
110,0.000711806,0.00105284,0.00109604,0.000581847
111,0.000700802,0.00101651,0.00103532,0.00058167
112,0.000674632,0.000956108,0.00101069,0.000580888
113,0.000665096,0.000939522,0.000994155,0.00058043
114,0.000645794,0.000893239,0.000952066,0.000580128
115,0.000634879,0.000867872,0.000889262,0.000579596
116,0.000621705,0.000811181,0.000880955,0.000578883
117,0.000602209,0.000778449,0.000835965,0.000578732
118,0.000581579,0.000740801,0.00078647,0.000578184
119,0.000565713,0.000719847,0.000738481,0.000577813
120,0.000516997,0.000718778,0.000719328,0.000577698
121,0.000509269,0.000656281,0.000697511,0.000577379
122,0.000506237,0.000641731,0.000681153,0.00057666
123,0.000497307,0.000612695,0.000669907,0.000575734
124,0.000485507,0.000594387,0.000650066,0.000575604
125,0.000475368,0.000588179,0.000623818,0.000575276
126,0.000466068,0.000566353,0.000589289,0.000574806
127,0.000440114,0.000558939,0.000571691,0.000574453
128,0.000433053,0.000533594,0.000551709,0.000574274
129,0.000423925,0.000528575,0.000521083,0.000574218
130,0.000411172,0.000506352,0.00051179,0.00057287
131,0.00039612,0.000480817,0.000489393,0.000572537
132,0.000391716,0.000461883,0.000480074,0.000572225
133,0.000382763,0.000455799,0.00046547,0.000571934
134,0.000377804,0.000447303,0.000452516,0.000571881
135,0.000369024,0.000409544,0.000428086,0.00057121
136,0.000361546,0.000403884,0.000421072,0.000570716
137,0.000341483,0.000386765,0.000409283,0.000570251
138,0.000340545,0.000371686,0.000386591,0.000569959
139,0.000332767,0.000365191,0.000379276,0.000569521
140,0.00032631,0.000354388,0.000371216,0.000569176
141,0.000321053,0.000348329,0.000358283,0.000568842
142,0.000312116,0.000343469,0.000346057,0.000568337
143,0.000301343,0.000330677,0.000338656,0.000568099
144,0.000294649,0.000328297,0.000337614,0.000567797
145,0.000290518,0.00030801,0.000306783,0.000567366
146,0.000287322,0.000304891,0.000305619,0.000566793
147,0.000282361,0.000298564,0.000291762,0.000566472
148,0.000266102,0.000285141,0.000285383,0.000566214
149,0.000264415,0.00027616,0.000274855,0.00056593
150,0.000258379,0.000265037,0.000266335,0.000565364
151,0.000254368,0.0002585,0.000259737,0.000565112
152,0.000245332,0.000251987,0.000253648,0.00056493
153,0.000235598,0.000242074,0.000239065,0.000564327
154,0.000234942,0.000234601,0.000236536,0.000564093
155,0.000229412,0.000231621,0.000235074,0.000563696
156,0.000222695,0.00022168,0.000227916,0.00056342
157,0.000219426,0.000214944,0.0002165,0.000562812
158,0.000213947,0.000211649,0.000216323,0.000562387
159,0.000208117,0.000205128,0.000209466,0.000561758
160,0.000206778,0.00019982,0.000208514,0.00056127
161,0.000203799,0.000194482,0.000206071,0.000561133
162,0.000197734,0.000188247,0.000201494,0.000560785
163,0.000196364,0.000185521,0.000197366,0.000560457
164,0.000193292,0.000182976,0.000196402,0.000559951
165,0.000190811,0.000179613,0.000184304,0.000559531
166,0.000183639,0.000175241,0.000179458,0.000559249
167,0.000182563,0.000172754,0.000176511,0.000559113
168,0.000173412,0.000169085,0.000172758,0.000558752
169,0.000170378,0.000165288,0.000170403,0.000557991
170,0.000167847,0.000157892,0.000163085,0.00055782
171,0.000164422,0.000156802,0.000160659,0.000557498
172,0.000159362,0.000153597,0.000156903,0.000557002
173,0.000157197,0.000150558,0.000151297,0.000556955
174,0.000152928,0.000146551,0.000150042,0.000556246
175,0.000149244,0.000146037,0.000147204,0.000555653
176,0.000145516,0.000142952,0.00014488,0.000555184
177,0.000142994,0.000140328,0.000143827,0.000555031
178,0.00014108,0.000139372,0.000141626,0.000554743
179,0.000139762,0.000136295,0.000137568,0.000554429
180,0.000135856,0.000134001,0.000132628,0.000554327
181,0.000133228,0.000129326,0.00013102,0.000553987
182,0.00013146,0.000127497,0.000126586,0.000553674
183,0.000129171,0.000121498,0.000126069,0.000553106
184,0.000128714,0.000120728,0.000122522,0.000552419
185,0.000128086,0.00011637,0.000122032,0.000551938
186,0.000123037,0.000115746,0.000120876,0.000551239
187,0.000120659,0.000114315,0.000117423,0.000551199
188,0.000118502,0.000113134,0.000116405,0.000551003
189,0.00011704,0.000109937,0.000114206,0.000550472
190,0.000116079,0.000108378,0.000113104,0.000550222
191,0.000114647,0.000106711,0.000111024,0.000550031
192,0.000112279,0.000105405,0.000108614,0.00054953
193,0.000111862,0.00010472,0.000108005,0.000549332
194,0.000107436,0.00010294,0.000105581,0.000548994
195,0.000106147,9.91272e-05,0.000103169,0.000548838
196,0.000105927,9.79466e-05,0.00010107,0.000548605
197,0.000103526,9.71684e-05,9.88073e-05,0.000548105
198,0.000102363,9.63002e-05,9.72413e-05,0.000547726
199,0.000101809,9.41784e-05,9.52605e-05,0.000547486
200,9.95597e-05,9.19301e-05,9.43729e-05,0.000546834
201,9.86924e-05,9.11589e-05,9.06406e-05,0.000546717
202,9.73834e-05,9.02544e-05,8.92796e-05,0.000546448
203,9.56586e-05,8.86982e-05,8.88257e-05,0.000545869
204,9.34713e-05,8.74139e-05,8.67196e-05,0.00054542
205,9.19291e-05,8.61145e-05,8.56955e-05,0.000545163
206,9.14589e-05,8.38338e-05,8.29154e-05,0.000544962
207,9.07083e-05,8.25704e-05,8.21532e-05,0.000544645
208,8.77785e-05,8.17528e-05,8.12116e-05,0.000544462
209,8.62211e-05,8.09596e-05,8.06327e-05,0.00054401
210,8.45025e-05,8.03819e-05,7.87231e-05,0.000543284
211,8.3742e-05,7.8793e-05,7.814e-05,0.000542764
212,8.3297e-05,7.7833e-05,7.68086e-05,0.000542605
213,8.22739e-05,7.58292e-05,7.56078e-05,0.000542006
214,8.04898e-05,7.5115e-05,7.41058e-05,0.000541627
215,7.94138e-05,7.41846e-05,7.39876e-05,0.000541402
216,7.87025e-05,7.31611e-05,7.38003e-05,0.000541156
217,7.68374e-05,7.21531e-05,7.27986e-05,0.00054072
218,7.56935e-05,7.09214e-05,7.08866e-05,0.000540415
219,7.52025e-05,6.92616e-05,7.02259e-05,0.000540077
220,7.47813e-05,6.82901e-05,6.97693e-05,0.000539603
221,7.24019e-05,6.7016e-05,6.88879e-05,0.000539527
222,7.22129e-05,6.62568e-05,6.79413e-05,0.000539348
223,7.21695e-05,6.60474e-05,6.74915e-05,0.000538944
224,7.09274e-05,6.45031e-05,6.62837e-05,0.000538356
225,6.89679e-05,6.37845e-05,6.51827e-05,0.000538222
226,6.87484e-05,6.35406e-05,6.47084e-05,0.000537887
227,6.76659e-05,6.23617e-05,6.38431e-05,0.000537778
228,6.72532e-05,6.16541e-05,6.35449e-05,0.000537406
229,6.63562e-05,6.13245e-05,6.25151e-05,0.000536912
230,6.52932e-05,6.11403e-05,6.21312e-05,0.000536809
231,6.42545e-05,5.99333e-05,6.13065e-05,0.000536246
232,6.40533e-05,5.89961e-05,6.02487e-05,0.000535905
233,6.33324e-05,5.86682e-05,5.95888e-05,0.000535401
234,6.30897e-05,5.83688e-05,5.87366e-05,0.000535173
235,6.20131e-05,5.71776e-05,5.83197e-05,0.000534889
236,6.12473e-05,5.67112e-05,5.77768e-05,0.000534577
237,6.0519e-05,5.62223e-05,5.76283e-05,0.000534501
238,5.99878e-05,5.55362e-05,5.73622e-05,0.000534245
239,5.91678e-05,5.53175e-05,5.66925e-05,0.000534094
240,5.85822e-05,5.50526e-05,5.5704e-05,0.000533283
241,5.81646e-05,5.41029e-05,5.51928e-05,0.000532727
242,5.7677e-05,5.38859e-05,5.48749e-05,0.000532556
243,5.66497e-05,5.32124e-05,5.42014e-05,0.000532243
244,5.64025e-05,5.2568e-05,5.36353e-05,0.000531996
245,5.58101e-05,5.19613e-05,5.34313e-05,0.000531619
246,5.50904e-05,5.16481e-05,5.28625e-05,0.000531518
247,5.48209e-05,5.14854e-05,5.20538e-05,0.000531201
248,5.43349e-05,5.09395e-05,5.17798e-05,0.000531092
249,5.40486e-05,5.01126e-05,5.09435e-05,0.000530744
250,5.35458e-05,4.938e-05,5.05689e-05,0.000530147
251,5.241e-05,4.90912e-05,5.0254e-05,0.000529833
252,5.2186e-05,4.86729e-05,4.97597e-05,0.000529535
253,5.13165e-05,4.83973e-05,4.97054e-05,0.000529186
254,5.11442e-05,4.78411e-05,4.89439e-05,0.000528936
255,5.05932e-05,4.75877e-05,4.86412e-05,0.000528445
256,5.00593e-05,4.71068e-05,4.80985e-05,0.000528389
